year,genre,titles,avg_estimated_revenue_million_usd,avg_metacritic_score,avg_user_score,avg_launch_price_usd
1985,Action,131,783.0511450381679,74.30429984692658,7.578511074017956,51.5009738608268
1985,Action-Adventure,27,565.5333333333333,73.16024089379499,7.389118509663279,54.254195777353964
1985,Adventure,38,532.396052631579,78.32536521702512,7.543376676840001,46.69123714513301
1985,Battle Royale,18,913.8127777777778,76.56194511207914,7.447295487201976,38.353663030196884
1985,Fighting,50,512.8744,76.5238685621195,7.536958903877535,47.56530148849349
1985,Idle/Clicker,10,408.217,75.43748989796514,7.650330628842897,42.551608676655356
1985,MMORPG,15,585.6726666666667,73.73043312534911,7.372442463057475,55.363285687727895
1985,Misc,32,448.1228125,70.91380099402757,7.068193251415221,49.32550369137591
1985,Platform,52,824.1478846153847,74.69108664974252,7.6047854030373605,52.95084001983855
1985,Puzzle,34,295.30264705882354,74.63235950984632,7.543895919710203,48.114474491510855
1985,Racing,61,632.5218032786886,77.5527447822228,7.71222136637131,47.752613261427335
1985,Rhythm,7,299.39,69.61087129896795,6.476189504541435,53.80295937447408
1985,Role-Playing,59,698.6847457627119,78.12109283325204,7.831936583054848,48.51901340620665
1985,Sandbox,7,1648.7142857142858,73.60535805209504,7.189184666503283,49.56629070699272
1985,Shooter,78,1048.1465384615383,73.47118873464262,7.2756150883717075,53.13465484450622
1985,Simulation,65,413.42,75.47747459128594,7.599332872498972,52.923850591053125
1985,Sports,95,1414.800105263158,71.50225067663395,7.161458435379442,53.229695223187846
1985,Strategy,34,326.209705882353,75.04357984306704,7.497349700349551,47.88105086768316
1985,Survival Horror,23,480.4882608695652,78.27305882885709,7.930838590346177,47.29656948115458
1985,Visual Novel,11,117.30909090909091,75.02717148972287,7.55351825571494,43.136340709343344
1986,Action,122,970.0831147540983,76.21773671866045,7.556704516589553,49.655993835942965
1986,Action-Adventure,31,498.14064516129037,76.19625655435763,7.734708256255496,48.12812766967344
1986,Adventure,45,436.38733333333334,79.68307832319849,7.927677879470414,48.3212617052384
1986,Battle Royale,13,1414.9138461538462,76.6647331544489,7.436468161495409,56.20139196690338
1986,Fighting,34,738.1905882352941,71.69147863051215,7.316818218040654,46.17590797325057
1986,Idle/Clicker,11,507.64545454545447,75.95399889506136,7.441635086628858,46.65972478583428
1986,MMORPG,11,492.9654545454545,74.46063333664443,7.647696782910743,51.165364563478946
1986,Misc,30,435.29966666666667,70.75423480722597,7.097207212583824,49.92335142715069
1986,Platform,82,702.2460975609756,74.90179375270797,7.52235491715175,49.08029488855952
1986,Puzzle,36,353.7702777777778,75.62842140200583,7.620647285361624,54.900299190757174
1986,Racing,52,689.795576923077,73.99567361831939,7.424971624070702,50.06461509178684
1986,Rhythm,10,336.764,70.6837898549445,6.7905562192038404,58.871798243065236
1986,Role-Playing,78,706.4246153846154,76.43313393455404,7.779201018191102,53.57646521184022
1986,Sandbox,5,2648.3959999999997,79.76129119926333,7.859390626036905,50.237155556221424
1986,Shooter,80,962.0241249999999,76.26556109058193,7.546869541389398,48.54276214193605
1986,Simulation,47,626.2612765957447,75.7891695853938,7.576818247832609,46.938009966977354
1986,Sports,92,1417.583695652174,71.39196468366781,7.126004519435669,51.78801458992844
1986,Strategy,30,363.87666666666667,76.87033096645138,7.611816577838657,53.60328728208733
1986,Survival Horror,13,379.0630769230769,73.59832196182667,6.990402115729784,54.14356434341961
1986,Visual Novel,4,90.035,72.19942579147889,7.102603814382731,54.06113452734185
1987,Action,139,746.2594244604317,74.22647107903138,7.389752871496453,51.47849222648705
1987,Action-Adventure,40,402.68825,74.65431378358944,7.567117874607183,45.01573943863086
1987,Adventure,45,431.6102222222222,75.92264937559128,7.810196448604152,54.219694201581724
1987,Battle Royale,11,769.31,77.08264385383228,7.94023188210751,55.23275641948505
1987,Fighting,54,563.9629629629629,75.42113212143475,7.546442367854377,54.505923038395075
1987,Idle/Clicker,10,390.76599999999996,71.5010764429009,7.282839106001196,44.60798847193605
1987,MMORPG,14,300.295,74.9549240514735,7.305585604483033,59.56682386063737
1987,Misc,22,246.13590909090908,69.34186230286407,6.585819627990528,46.476348360430855
1987,Platform,53,843.9292452830189,76.39455187055454,7.7428653019434135,52.462469258071785
1987,Puzzle,33,238.54787878787877,76.77771783811063,7.6988157328307025,45.66460802431863
1987,Racing,50,889.5092,77.4489924452725,7.591189457250775,53.70493254021591
1987,Rhythm,9,636.7144444444444,80.01851089047821,7.667554090305899,41.792111735005875
1987,Role-Playing,57,649.4852631578947,78.49014763842209,7.925400158754236,50.404336008451715
1987,Sandbox,7,1814.6085714285714,83.88895000211346,8.395750491248794,60.68715741131124
1987,Shooter,61,1033.190819672131,75.71887540987076,7.553444896381937,52.59027198152857
1987,Simulation,44,520.0168181818182,76.39459464365014,7.498346940650757,54.0457254958902
1987,Sports,111,1554.9767567567567,71.8841313522029,7.178100518953258,52.87358179429881
1987,Strategy,38,353.44736842105266,77.46574881973804,7.705915873659561,49.05929704647308
1987,Survival Horror,15,547.9726666666667,76.28862684887483,7.398786599986134,57.34947094349132
1987,Visual Novel,9,126.33555555555556,79.98263707333417,7.660133747234728,49.1380620481368
1988,Action,127,786.5089763779528,74.82298831193063,7.51406327619647,52.719977954120345
1988,Action-Adventure,24,463.7695833333333,73.43882954944702,7.383136836215623,56.1822982322791
1988,Adventure,33,456.5560606060606,76.42957252807834,7.7478118561068365,54.98833125808998
1988,Battle Royale,14,1034.5421428571428,75.96486422782499,7.315212077548649,43.23440596350144
1988,Fighting,43,685.3086046511628,74.0899531901839,7.4465155853544704,51.297364038893605
1988,Idle/Clicker,11,477.2054545454546,75.26333624089104,7.853600340686824,42.84383578026758
1988,MMORPG,16,406.444375,75.20141222593035,7.720459261872897,60.46689146956606
1988,Misc,28,312.6589285714286,71.50485916335215,7.110022091530424,51.3041864689676
1988,Platform,49,859.8716326530612,74.5723415715434,7.367374973345899,54.49282763490877
1988,Puzzle,45,337.7526666666667,77.23596064327513,7.5293401481077735,52.507017453921236
1988,Racing,52,715.3386538461539,77.26386032624247,7.7780573684357055,49.63571887860288
1988,Rhythm,6,493.66499999999996,73.87981830964485,7.069079485543859,50.38416576312727
1988,Role-Playing,77,816.1483116883117,77.89938881615052,7.89230448535288,52.22289863537192
1988,Sandbox,7,1551.5685714285714,75.3192942712578,7.435606161179052,57.57568822132647
1988,Shooter,81,990.3427160493826,73.83785838901134,7.481454653528509,53.72250071579829
1988,Simulation,74,668.8271621621622,77.18443240098622,7.821020713160658,51.10321321465349
1988,Sports,82,1333.2713414634147,72.97237578692146,7.363267172897145,53.93251883418199
1988,Strategy,21,322.4195238095238,76.49325545406825,7.533895207736471,52.41898143843489
1988,Survival Horror,10,371.929,74.59691466770863,7.497563902002868,49.74801630944811
1988,Visual Novel,14,210.65142857142857,74.90367495197013,7.697376925657478,56.630381679025156
1989,Action,125,718.11,74.55207365355211,7.368136386511008,48.32710855334028
1989,Action-Adventure,35,474.65028571428564,76.73116244893944,7.563111783224338,44.00959014113981
1989,Adventure,34,394.555294117647,77.34014646193603,7.838028747669194,51.652312330974674
1989,Battle Royale,16,925.01125,74.43341293706453,7.42349969489949,51.34182883573426
1989,Fighting,53,626.9977358490565,75.80833327755383,7.747137570683857,48.109231219009374
1989,Idle/Clicker,10,309.562,73.16417833609529,7.547994652202744,40.20253502153314
1989,MMORPG,13,475.81692307692305,77.43518212572872,7.493196094643403,48.432117003819364
1989,Misc,27,475.0355555555556,69.82293634455321,6.978305788861292,49.21314206110887
1989,Platform,60,589.047,75.76613361843121,7.413880064471704,51.799036486367164
1989,Puzzle,38,319.2113157894737,75.86843994247565,7.888746144077686,47.57379682841254
1989,Racing,60,757.4169999999999,76.16841088361896,7.583186821591097,44.233606698189526
1989,Rhythm,16,565.3825,73.58084295146364,7.159500316766451,57.982111738861285
1989,Role-Playing,89,585.3230337078652,78.03662227443154,7.7598123063232345,43.5274436049726
1989,Sandbox,11,1816.2136363636366,78.8975791506783,7.94028741457787,42.99112122103642
1989,Shooter,78,1018.4846153846154,76.07173111089224,7.6666622839405205,48.852491192426
1989,Simulation,60,433.1818333333333,75.83866165981712,7.349189171940237,50.73145224738248
1989,Sports,107,1179.456448598131,71.42919546668601,7.125286258756206,49.62083634092932
1989,Strategy,24,308.035,75.07318079780428,7.542949087631956,53.15069336219948
1989,Survival Horror,21,289.64714285714285,78.20013318445199,7.656248829002906,46.58771069834924
1989,Visual Novel,6,62.044999999999995,69.60921231967134,7.8589467545595255,43.8937406069518
1990,Action,117,791.2644444444445,74.19340815090786,7.332004024346857,51.19370150177111
1990,Action-Adventure,36,309.21888888888884,73.06721943736713,7.172128900302288,52.26216157834434
1990,Adventure,42,613.1257142857143,78.13497257362104,7.812163115276811,50.86616894792732
1990,Battle Royale,19,708.2926315789473,76.66197066932293,7.75300197554674,50.09835171839314
1990,Fighting,43,597.9674418604651,76.1431363441543,7.45043256229466,45.44328810921384
1990,Idle/Clicker,5,267.018,73.25762008304008,7.732833118119826,54.168490159285355
1990,MMORPG,18,299.98555555555555,75.95554949307574,7.620691913438145,50.28097314236454
1990,Misc,27,368.89185185185187,67.66813468279051,6.898511421670192,52.23568537409222
1990,Platform,61,761.2421311475409,75.05400740011079,7.557046250970971,54.03924432978765
1990,Puzzle,47,269.1048936170213,73.850209520505,7.417461254997282,49.1212895429031
1990,Racing,63,685.718888888889,77.72637102803937,7.71558543603872,52.3882903386465
1990,Rhythm,7,239.02285714285716,69.8243042337383,7.0057194109784815,53.741374894203325
1990,Role-Playing,58,754.046551724138,78.44105233038994,8.160012936799518,52.10580059476842
1990,Sandbox,4,2208.5249999999996,79.85841442247414,8.006426094406153,58.14029254986836
1990,Shooter,87,1261.128275862069,76.77517526253955,7.618500320506539,51.85928516270316
1990,Simulation,52,588.0978846153846,76.64668092357714,7.629983578182548,55.857014851701884
1990,Sports,88,1294.4861363636364,72.43087891306263,7.285688164215629,57.175706013396535
1990,Strategy,27,468.64000000000004,75.20433703801626,7.553652908725912,54.83693019958282
1990,Survival Horror,13,529.53,78.30406075490158,7.62997833028381,49.729223127772244
1990,Visual Novel,6,224.95833333333334,77.3279986240532,8.028598030706421,49.048224406929535
1991,Action,108,754.7354629629631,74.02482477804787,7.362623901732447,51.8129752595194
1991,Action-Adventure,35,478.68228571428574,73.5779712167898,7.5065272701680135,49.485015237351355
1991,Adventure,48,725.9139583333334,74.8210463560799,7.520612627778298,53.662582063491364
1991,Battle Royale,14,879.5792857142858,75.02010353951358,7.501739576510222,56.4477435702002
1991,Fighting,44,556.5956818181818,74.77029993750766,7.3645433858795295,52.83694359654609
1991,Idle/Clicker,7,214.62857142857143,72.5025401598589,7.233404980320766,58.34754946485587
1991,MMORPG,17,577.3264705882352,74.17234089659414,7.6189708937183145,55.93517805911759
1991,Misc,33,465.0551515151515,68.72366921796552,6.913427024626601,51.33085007862456
1991,Platform,44,737.255,72.31525610801467,7.07057300391669,51.63122425106776
1991,Puzzle,34,418.334705882353,76.30661168502698,7.566647405705038,58.50285076904752
1991,Racing,58,704.5258620689655,75.56799752930013,7.457584203630092,47.55431947854484
1991,Rhythm,5,418.91799999999995,71.628007897578,7.110165924955001,43.461467276826845
1991,Role-Playing,71,779.3533802816902,79.20668916924122,7.962929849520375,56.22380049616217
1991,Sandbox,7,4135.817142857143,81.76436183441447,8.679117210481158,50.994911587956075
1991,Shooter,74,888.9210810810812,74.23215409101876,7.493782847205058,52.178357576239
1991,Simulation,57,511.2638596491228,75.38331207379365,7.367672559306323,49.40876604915944
1991,Sports,86,1555.7305813953487,71.63955221407952,7.1770770772175245,54.56886558515387
1991,Strategy,33,350.6463636363636,75.68529673529227,7.34938401361701,57.57822306842848
1991,Survival Horror,13,404.9746153846154,73.9169845323038,7.317085203519839,54.38560066608477
1991,Visual Novel,16,133.468125,74.81932756977552,7.251257039401719,44.686764805913896
1992,Action,138,820.5791304347825,75.14151054416679,7.667322696883992,50.63077110095501
1992,Action-Adventure,32,381.1778125,74.16950255467185,7.577666478402373,54.12768116262426
1992,Adventure,36,402.61333333333334,78.90013883771522,7.838324943680991,49.09040516342627
1992,Battle Royale,10,1479.0179999999998,76.45667560556207,8.025037777618994,49.063925541828254
1992,Fighting,41,664.9648780487805,76.55049221147458,7.5834840162745465,44.60126526558819
1992,Idle/Clicker,12,555.285,70.74991203478646,7.000661997169304,53.27273806028717
1992,MMORPG,13,401.0438461538461,75.9004190829607,7.223989104857139,51.85810685516526
1992,Misc,24,421.58958333333334,70.84418545959922,6.904139930266717,52.85804502219427
1992,Platform,51,754.0980392156863,74.16295151207423,7.1227396984604825,50.33665329172749
1992,Puzzle,32,313.406875,73.86782186398253,7.2772411278633955,48.487423807968575
1992,Racing,53,676.1064150943396,77.2467048059975,7.693609796852724,50.02252109239202
1992,Rhythm,10,367.08000000000004,76.84950692275744,7.370070080064707,51.88576845329389
1992,Role-Playing,74,664.9181081081082,78.94835109778316,7.750478887941963,51.28465855938066
1992,Sandbox,8,1177.8787499999999,78.15248661889227,7.805769083056696,43.72908240578291
1992,Shooter,81,1197.5883950617285,73.10186831831047,7.438906493256216,50.026633974503056
1992,Simulation,41,429.8248780487805,76.41240586682397,7.403430477889171,49.57081384266056
1992,Sports,82,1497.0673170731707,73.33145512529633,7.184595732802701,53.60464187238155
1992,Strategy,32,382.81687500000004,76.03072973911833,7.3987079232423785,46.83926593264515
1992,Survival Horror,23,620.2430434782609,73.77136248845679,7.16007640695823,56.33127766950095
1992,Visual Novel,11,90.9709090909091,72.37459494911961,7.166956295029047,55.348160377680166
1993,Action,131,746.6174809160306,75.55125877324939,7.516883811136472,44.96398321753464
1993,Action-Adventure,35,373.1657142857143,77.13094664509646,7.714952830391543,45.993880964322024
1993,Adventure,40,429.797,78.49153055821692,7.807904689125465,49.20955770703445
1993,Battle Royale,12,880.305,74.34481201977279,7.331920660598693,61.41977462036934
1993,Fighting,52,594.7398076923077,76.09224892123414,7.531823550728325,48.87530796650696
1993,Idle/Clicker,10,544.289,79.55910008070813,8.357797625692132,49.90142290016083
1993,MMORPG,17,276.0229411764706,75.9291431726381,7.711666429417121,49.509796463963774
1993,Misc,33,436.2369696969697,70.49626455439936,7.079516571339484,52.5938079128694
1993,Platform,52,627.61,77.81019477615585,7.8840719527290934,49.17394755634228
1993,Puzzle,45,300.37444444444446,74.73454013595622,7.2733853678365925,50.97019263201788
1993,Racing,44,700.2377272727273,76.18664689940414,7.609701606712091,47.05166648436304
1993,Rhythm,14,472.1842857142857,72.59086263324456,7.2001495380542035,50.38932416058584
1993,Role-Playing,68,664.7667647058823,78.19495958457361,7.864529024658681,48.089809567045734
1993,Sandbox,9,1490.5244444444443,72.55583243706423,7.308978336158386,48.728313281901954
1993,Shooter,79,1029.146835443038,75.33955650543504,7.527229407621476,49.193718623952144
1993,Simulation,48,486.90124999999995,74.5490504656394,7.4520169464605175,49.854421381974674
1993,Sports,94,1468.019255319149,71.7481133198277,7.3091860771682615,49.50096682831377
1993,Strategy,28,345.84999999999997,77.52853089658602,7.804716630624332,50.8532079938726
1993,Survival Horror,15,362.582,74.63489358053013,7.368187842778854,53.53062204519532
1993,Visual Novel,5,133.18400000000003,69.84799107048505,6.837403166382377,45.82055686174907
1994,Action,116,774.5996551724138,75.4812092625697,7.462674862158681,51.3982892675839
1994,Action-Adventure,40,463.07399999999996,72.16106827513971,6.954197075239252,48.9403527743399
1994,Adventure,54,497.7712962962963,78.06998685018864,7.708822157235984,52.152673983893976
1994,Battle Royale,17,1318.2347058823527,76.28877534373298,7.412364703651059,55.90034304468204
1994,Fighting,38,548.7963157894737,75.53286801955353,7.634470296561443,48.71888524541859
1994,Idle/Clicker,8,514.11375,76.02143406055528,7.8161833657396755,53.56296099507236
1994,MMORPG,17,572.0229411764706,74.8121037256736,7.610536745567921,56.649645715329356
1994,Misc,32,418.598125,69.81803220657447,7.238140532065189,53.59692461382912
1994,Platform,47,682.2253191489361,75.25111359763497,7.4209955590978085,56.986383655253604
1994,Puzzle,29,327.1641379310345,76.1581528191489,7.847650540524881,45.10895287712409
1994,Racing,54,798.8372222222222,78.27889731259324,7.888061352203429,50.464361221943335
1994,Rhythm,8,418.3525,77.18048591117515,7.6625652262579145,40.72507503737384
1994,Role-Playing,76,684.9861842105263,79.12553217284052,8.005305771580367,46.43025827593797
1994,Sandbox,8,1506.23,75.89038123079024,8.03874614072474,54.47173044862755
1994,Shooter,78,971.5692307692307,76.16728998721479,7.6370301910621805,55.53202581086065
1994,Simulation,64,477.5759375,75.46103614273588,7.571565596785929,51.152223157646254
1994,Sports,93,1390.3293548387098,72.25865226959039,7.1938921393436335,54.809245216677326
1994,Strategy,34,282.4511764705882,76.96703253910118,7.426793572083689,51.989169706210824
1994,Survival Horror,17,521.8841176470588,77.70165783424346,7.5439332713722616,58.300403052916295
1994,Visual Novel,8,117.69125,73.07287946295357,7.770042484205704,61.207182883033056
1995,Action,187,660.2852941176471,71.83304678537063,7.118544433763093,54.185921176317045
1995,Action-Adventure,53,299.85188679245283,71.22643565190242,7.23877262844181,54.92690831241699
1995,Adventure,59,349.74864406779665,77.23663426732134,7.594494855728122,56.86561826823898
1995,Battle Royale,27,730.9351851851852,72.16638185535487,7.473039753324237,52.777790397906216
1995,Fighting,52,602.9011538461539,74.49867859777156,7.564390328286283,54.49215034254995
1995,Idle/Clicker,9,276.09777777777776,73.13526797970226,7.0927523664704735,49.838174874093966
1995,MMORPG,14,741.5885714285714,76.3992940642545,7.733223701842585,52.58236976088707
1995,Misc,50,383.0596,69.55771205824013,7.0587733391246275,51.8568384441723
1995,Platform,79,460.2839240506329,72.38591416753671,7.196404047888199,54.770303348800724
1995,Puzzle,58,245.06586206896552,72.96451483859128,7.265899525101462,51.597878086178895
1995,Racing,87,582.8483908045977,73.21973445382544,7.347033222826159,57.48591342985104
1995,Rhythm,13,297.80384615384617,74.65898967889258,6.954492868335124,50.23021676348518
1995,Role-Playing,97,832.1856701030928,76.74917055705905,7.602655962398317,54.797397356961625
1995,Sandbox,9,1564.3844444444444,76.01533785309672,7.296212904824943,54.72675141244837
1995,Shooter,115,900.0903478260869,74.15216165570884,7.466788451469626,51.97681437432982
1995,Simulation,64,318.3496875,73.39683856230566,7.3751961284590015,50.06065831381489
1995,Sports,137,918.1403649635037,69.87685520892546,7.020446611574347,52.879649231910896
1995,Strategy,44,356.5893181818182,74.37168488189933,7.3634267335186445,53.28443806300854
1995,Survival Horror,24,260.25458333333336,74.50821300737812,7.237745788404241,56.70262996593092
1995,Visual Novel,10,99.292,77.77927748374732,7.867801133077462,41.432284816937795
1996,Action,163,675.380490797546,73.31168702900204,7.299546159254418,52.74377281337749
1996,Action-Adventure,53,412.61452830188676,72.7789607594677,7.213294169899121,55.96474685032432
1996,Adventure,56,394.0025,75.05707788867232,7.686019511214561,50.626904629792875
1996,Battle Royale,29,824.6541379310345,73.32688764300259,7.358309178717547,53.70680897073095
1996,Fighting,76,568.5965789473684,75.65772257692767,7.44658169661403,55.763314401747145
1996,Idle/Clicker,10,314.495,73.65075278315636,7.695391479302616,52.87850997478695
1996,MMORPG,18,344.70722222222224,72.90868891807057,7.392315264170928,51.218085233525386
1996,Misc,46,257.5976086956522,67.87612321498112,6.79244314903622,53.75755283092988
1996,Platform,63,671.3976190476191,73.77373970443381,7.290805243938982,54.86914005011656
1996,Puzzle,66,228.6719696969697,73.27332695511879,7.210824216106649,53.301897968137375
1996,Racing,89,556.1880898876404,74.39175428301296,7.454249866242408,48.91260326144101
1996,Rhythm,8,328.1125,76.96906779610916,7.675832763220748,47.00289262402924
1996,Role-Playing,103,586.2606796116505,75.85738407894088,7.659752140270871,49.982911261291584
1996,Sandbox,14,1164.0735714285715,79.47249192642441,7.604114325002321,51.39345274148053
1996,Shooter,114,751.8624561403509,73.91301176118697,7.36923677001405,57.55230830344761
1996,Simulation,74,381.1504054054054,74.90117703350789,7.533317878316992,52.70047381505994
1996,Sports,130,1163.5626153846154,70.53782617558032,7.047393217831903,51.64582455127276
1996,Strategy,45,226.26911111111113,73.92154976873086,7.356506659238281,54.03608139238388
1996,Survival Horror,26,352.12538461538463,72.88664210116139,7.304811241774197,47.83644057641497
1996,Visual Novel,6,205.83,77.20797512855586,7.525708202072354,60.3317587127076
1997,Action,192,711.1244791666667,73.66358705992425,7.333750334886932,57.77672609141823
1997,Action-Adventure,37,379.2983783783784,74.3780247601029,7.612723377724487,49.12074256883398
1997,Adventure,60,317.5686666666667,74.1805468192064,7.3961752347162735,53.29463014318654
1997,Battle Royale,20,801.5685000000001,70.77282107387173,7.1807031768528775,50.683750953967575
1997,Fighting,68,527.576911764706,75.23997918878233,7.423078863483707,54.45636088386458
1997,Idle/Clicker,9,289.1144444444445,72.23144604275474,7.591534688563996,48.843145046324835
1997,MMORPG,22,455.5,77.33545104711844,7.354565088330765,53.118564892780384
1997,Misc,39,260.26897435897433,66.00116689623417,6.700743678810509,56.75179374945919
1997,Platform,78,672.9564102564102,73.14700611033723,7.359245960195946,52.57947112355141
1997,Puzzle,64,302.53203125,72.20267877181325,7.079490206128493,56.586694884731415
1997,Racing,83,547.7757831325301,72.02644537759073,7.126628393380106,53.732122435126215
1997,Rhythm,13,502.9,74.67711393769005,7.5496671551738075,56.35074579159651
1997,Role-Playing,103,629.9831067961165,76.40099003378134,7.636736713680562,54.186769287174634
1997,Sandbox,7,1698.4385714285713,79.7872979721243,8.489462568718661,44.47414649540201
1997,Shooter,108,871.0495370370371,72.83152287123337,7.336601556550745,55.405680619577204
1997,Simulation,85,400.94670588235294,73.48591037274132,7.3105042352148715,52.93065061568046
1997,Sports,134,1335.0220149253732,70.19673266989597,6.964464823948692,53.031435583317084
1997,Strategy,45,329.7082222222222,71.46838157319158,7.375405947084127,55.65273085069246
1997,Survival Horror,31,292.57774193548386,73.1785443963847,7.0990705838922645,56.94712415682897
1997,Visual Novel,14,98.98571428571428,71.37586740243704,7.1195140638132175,50.50502232864493
1998,Action,176,592.0021590909091,73.76502791049238,7.384198514044152,52.36893714057797
1998,Action-Adventure,51,471.5756862745098,73.82849432960076,7.380807627940003,51.1084906246103
1998,Adventure,55,393.7225454545454,75.28026588273622,7.577419243544598,48.116695311970034
1998,Battle Royale,14,1261.3328571428572,75.10140225426906,7.471077709650123,54.046469661151
1998,Fighting,66,408.25136363636364,74.32671939129249,7.431277755788115,55.62363086071923
1998,Idle/Clicker,14,184.5807142857143,70.3671172655492,6.824847170276951,49.94855550626429
1998,MMORPG,30,408.49899999999997,72.77782955804867,7.572609911187687,55.76982337878065
1998,Misc,44,322.7122727272727,70.25788673251328,7.145244405982937,54.92108564217983
1998,Platform,90,539.1715555555555,71.81028642195724,7.203748983933233,52.79360980463353
1998,Puzzle,49,307.35714285714283,71.43054404475807,7.27918496040616,55.968777248483605
1998,Racing,83,488.64445783132527,74.10167005442898,7.398204573762609,48.349946658513225
1998,Rhythm,11,176.0981818181818,68.03796188239386,6.941099624324107,52.43497340872896
1998,Role-Playing,116,566.4973275862069,76.561699933754,7.676679777323283,51.96535553182304
1998,Sandbox,11,1325.63,79.52509859333733,7.9588285419148965,53.19671898215402
1998,Shooter,111,780.2145945945947,74.9020344162875,7.4005972846344354,53.87127815012072
1998,Simulation,81,524.5827160493827,72.84546974403636,7.296070967575926,53.923862719140544
1998,Sports,131,1305.8974809160306,71.48733486818345,7.090015990135407,52.10989668734576
1998,Strategy,55,254.922,75.72359498563408,7.496498578985521,53.07389894471745
1998,Survival Horror,14,567.3564285714285,77.27173638396248,7.746253553384478,55.61519133163336
1998,Visual Novel,16,107.443125,65.05581462804888,6.902847804689721,55.59187651516276
1999,Action,168,620.5409523809524,72.83636575617292,7.299857652970254,48.47123198632183
1999,Action-Adventure,47,283.73489361702127,71.29625412356141,7.157775448920668,50.907283849513554
1999,Adventure,63,497.25142857142856,77.26594563904429,7.610088519907021,47.79375083475072
1999,Battle Royale,28,851.9253571428571,75.56831539805682,7.347642529913158,45.31223481995487
1999,Fighting,71,551.873661971831,73.80658874353884,7.542420576769736,48.57074653938607
1999,Idle/Clicker,7,102.87428571428572,73.10427534374848,7.194814318899134,43.04452310799875
1999,MMORPG,21,745.7376190476191,71.69439576574962,7.019648917267386,48.10006676392473
1999,Misc,44,227.82454545454547,67.8120122362876,6.987967382242795,52.04919324877462
1999,Platform,93,643.7682795698925,73.4697566802605,7.496488791099879,49.24579118878781
1999,Puzzle,60,290.34066666666666,72.44002311901514,7.114278879613908,52.88996970987624
1999,Racing,81,501.9071604938271,74.46044339926677,7.4367947067067774,48.87369180098694
1999,Rhythm,15,331.05266666666665,72.61422557785431,7.062690849314715,38.43429489856357
1999,Role-Playing,98,598.5781632653061,76.64541506304685,7.657868389693213,48.92112469606292
1999,Sandbox,11,1938.2554545454548,78.28438839822233,7.649133665557681,46.165043580263216
1999,Shooter,110,747.3901818181818,72.66480678446075,7.365465118487895,48.64893832022237
1999,Simulation,75,422.29720000000003,73.9242998187986,7.463336785453198,51.61032640833584
1999,Sports,155,1102.0863870967744,71.629079840288,7.240035868235973,48.2177576566799
1999,Strategy,44,249.08704545454546,74.60989295889367,7.6844022470950595,47.688051570664925
1999,Survival Horror,26,393.16769230769233,73.82878192125466,7.462755009454413,53.50866844442727
1999,Visual Novel,8,97.56,71.84651993074934,7.333794469558301,56.09067443264813
2000,Action,170,539.0727058823529,72.9422090788782,7.2733007995347165,46.6084484357491
2000,Action-Adventure,53,324.827358490566,70.88843558967869,6.859955486362786,42.01087047979933
2000,Adventure,64,363.01953125,76.01270882906786,7.610680255712722,42.19341980418081
2000,Battle Royale,25,1282.6332,73.78298567114635,7.253478523092542,40.63630824117761
2000,Fighting,64,374.87546875,73.13206207256255,7.380783231065126,40.16722783683936
2000,Idle/Clicker,6,327.7683333333334,72.24976807233585,7.737975504159581,49.9349210215161
2000,MMORPG,26,333.2161538461539,72.91848400020297,7.26931219933582,45.477756013979516
2000,Misc,46,470.29282608695655,68.53656171147897,6.932730436948807,48.71241629201108
2000,Platform,75,397.6128,71.64815482285206,7.121788731295113,46.446764977054045
2000,Puzzle,64,260.22328125,71.54647938545409,7.2790244242733095,47.95277879627956
2000,Racing,83,517.7813253012048,72.73468959326199,7.303178769720881,44.04889544485905
2000,Rhythm,10,298.538,74.49678844277334,7.519759291488057,44.99819728624392
2000,Role-Playing,106,571.8410377358491,78.95080248449818,7.942571358113682,47.86814870559974
2000,Sandbox,8,3151.98625,79.17723291534831,7.792596779082949,54.99307365737171
2000,Shooter,108,709.6548148148148,72.95980121267841,7.18138232034705,43.37238897319561
2000,Simulation,85,301.54400000000004,74.00636837881862,7.533626401850174,43.129570586192656
2000,Sports,147,1086.0510204081634,69.90023417777721,7.055540460805261,46.735423691101985
2000,Strategy,39,312.6115384615385,74.08888721552222,7.505902284810249,47.2799489112932
2000,Survival Horror,28,347.8725,76.18305226635677,7.578906701723035,50.75209696444324
2000,Visual Novel,8,66.10375,72.34827094809751,7.52987274314158,41.20967192940854
2001,Action,186,609.0177956989247,72.78946245256694,7.361338505192479,48.07242849739741
2001,Action-Adventure,46,469.91565217391303,74.03472648203675,7.441453431138068,52.18167591203041
2001,Adventure,71,423.227323943662,77.3507866769511,7.855609517890411,48.78864890342969
2001,Battle Royale,20,1389.4965,73.47252532892696,7.0156578119843775,53.0998140126559
2001,Fighting,72,444.68347222222224,73.81541554368717,7.503242484827418,51.03065196703923
2001,Idle/Clicker,5,270.67199999999997,71.04306449324008,7.203384345243005,53.74890395605405
2001,MMORPG,20,348.846,74.42612678979195,7.260929496765807,48.782813699403945
2001,Misc,44,281.9440909090909,69.94124320619844,7.15947920905979,50.35801281625674
2001,Platform,87,539.8624137931034,73.5933506527776,7.417193764723279,46.609732235605236
2001,Puzzle,56,283.60232142857143,75.6954300946543,7.441487886056916,41.49438947140487
2001,Racing,88,567.4823863636364,73.29672879772406,7.303852134923329,45.45321399560479
2001,Rhythm,12,247.19583333333333,74.2781719556234,7.523520597404109,35.774617532805244
2001,Role-Playing,101,762.3893069306931,77.06248485214537,7.658900185987578,45.153815347318556
2001,Sandbox,12,873.5933333333334,77.32754214117288,7.745373917960044,37.030777652669364
2001,Shooter,118,997.7663559322033,73.28814593829453,7.308669366908136,47.532530515995205
2001,Simulation,77,482.2141558441558,75.21279176826651,7.47677339735176,49.00460115198666
2001,Sports,131,951.6919847328244,71.53716581755101,7.317648636560198,44.1571857832983
2001,Strategy,35,218.59857142857143,73.66753322281147,7.1857611394902134,55.30202775313382
2001,Survival Horror,24,317.83583333333337,72.57267791861143,7.296967537475564,48.79908231618186
2001,Visual Novel,19,79.17157894736842,71.08782436558464,6.859682226500299,42.23270573593746
2002,Action,186,559.8961827956989,71.00833079987297,7.188816839877805,46.918351570247154
2002,Action-Adventure,52,470.11596153846153,71.39987969004662,7.21146973660366,46.46959890589222
2002,Adventure,66,376.78393939393936,76.19108829538345,7.567729502075606,44.40276766619582
2002,Battle Royale,20,1429.648,73.28756840782654,7.611195845036198,59.78741333481933
2002,Fighting,65,714.8218461538461,75.33171986786701,7.3793189640392,51.27508577824208
2002,Idle/Clicker,12,417.92833333333334,76.32832688761039,8.0139217986769,49.029043714361244
2002,MMORPG,27,513.0811111111111,74.92406210349237,7.620327735627224,47.61332706528928
2002,Misc,48,226.35770833333333,68.50027186533379,6.602326819641565,45.396806761146365
2002,Platform,64,429.9171875,73.84752191908254,7.391954524635692,50.55979582646087
2002,Puzzle,74,326.84527027027025,74.31306900882618,7.489455327714567,47.056124740999756
2002,Racing,84,638.4279761904761,72.32196901008412,7.334364899060044,43.56947695473073
2002,Rhythm,11,502.9318181818182,74.08123202799521,7.166084609860319,48.78934328408557
2002,Role-Playing,103,569.4666019417475,75.07284520239199,7.4450857405465785,47.64649840801019
2002,Sandbox,6,436.77833333333336,71.90705139237652,7.962533722878011,27.506142913749613
2002,Shooter,112,801.5794642857143,73.70274358463672,7.4269071931967705,43.94443798484269
2002,Simulation,80,525.894625,73.53765625409754,7.454360167369083,50.01959116585064
2002,Sports,146,1065.8260273972603,69.73354784209783,7.021172490155707,45.744246951850975
2002,Strategy,33,378.0242424242424,75.39356947729591,7.664393861860179,46.97772597765769
2002,Survival Horror,21,440.29571428571427,73.59811704440922,7.610470738669231,48.30354707033847
2002,Visual Novel,13,98.58692307692309,71.75857963922049,7.257679404155908,48.16835659205792
2003,Action,201,655.7635323383084,73.18330686812975,7.399895474244552,45.402524039602355
2003,Action-Adventure,45,413.6133333333333,74.15236406258101,7.113391599020228,44.984261637740204
2003,Adventure,64,434.98421874999997,78.34951467240623,7.7654690879636545,44.15793556574075
2003,Battle Royale,18,906.5972222222222,72.81656465472825,7.822445378888044,40.30506688066718
2003,Fighting,48,474.0441666666666,73.37059684264416,7.340519392946745,41.93637719824071
2003,Idle/Clicker,11,477.19818181818187,70.39625778637142,6.685834204799172,52.12258174914821
2003,MMORPG,23,299.05695652173915,73.12122404445897,7.4495082642398245,48.174965099570635
2003,Misc,51,325.52862745098037,66.11669818893064,6.613922105282896,46.225470930352955
2003,Platform,76,515.2064473684211,72.95444530176543,7.273875585524991,42.98848209361288
2003,Puzzle,51,238.08686274509805,72.06575386544752,7.3252885663420555,48.4600465131782
2003,Racing,83,722.6402409638554,73.59377275100093,7.452603700864362,51.27255984634362
2003,Rhythm,9,448.0288888888889,74.9920263788391,7.0508378812027805,50.45152472628755
2003,Role-Playing,113,611.2883185840708,78.01130849883454,7.6587473951555465,43.32824150471044
2003,Sandbox,17,1164.565294117647,76.63545033245266,7.353399236494107,40.34333159281355
2003,Shooter,118,836.6924576271186,74.216576334347,7.4437223736519895,42.982987702987394
2003,Simulation,87,433.18873563218386,74.09093495607972,7.209947133090914,46.472806020086345
2003,Sports,140,1013.6349285714286,70.77161663586524,7.035427470578019,44.49122028591933
2003,Strategy,43,164.83744186046513,73.59490379162433,7.432779259004119,38.48403678726375
2003,Survival Horror,24,256.1225,71.99415427515213,7.370785171702923,44.571632269201785
2003,Visual Novel,10,113.35799999999999,75.3369186878294,7.38306236515564,34.3777453818547
2004,Action,168,677.0536904761905,72.56383710945879,7.333189700465799,42.71811313250922
2004,Action-Adventure,33,451.2478787878788,71.65920418786841,7.312261560060808,39.60684469008868
2004,Adventure,44,419.07045454545454,76.71893666513827,7.654874397300734,43.28157570190627
2004,Battle Royale,32,738.556875,74.2403536069948,7.527083468058354,39.930742139983394
2004,Fighting,53,546.3188679245284,74.10924171027423,7.385153020180501,41.3095491783994
2004,Idle/Clicker,10,185.796,70.40236723752952,6.453077820111514,24.953122585990403
2004,MMORPG,23,592.3308695652174,73.53578748662407,7.314988107780681,41.438145707182585
2004,Misc,45,421.88511111111114,69.24359718892933,6.74171060192423,42.70387727345429
2004,Platform,78,414.0085897435897,72.88696106992252,7.360998841981245,39.440804660091715
2004,Puzzle,67,259.299552238806,74.65149584556173,7.38417161235912,42.38028558809215
2004,Racing,80,528.320375,74.21937194185139,7.551205381954112,44.70512707791835
2004,Rhythm,9,859.34,75.53710622556444,7.597768415634349,34.655529160660954
2004,Role-Playing,108,471.5062962962963,75.3537562448479,7.535854611848952,43.80032825124951
2004,Sandbox,11,1650.6254545454547,78.84923167110959,8.162120236895383,35.72988300484156
2004,Shooter,114,661.7598245614034,71.56834803226181,7.050079533884173,40.699298975526936
2004,Simulation,85,407.65376470588234,74.46018966904725,7.38414785176602,39.7114214958818
2004,Sports,127,1277.5541732283466,70.98185146870264,7.240523524013474,46.27135683476524
2004,Strategy,51,335.44901960784307,74.84663510152718,7.3252998224546175,46.645399692883416
2004,Survival Horror,28,300.8771428571428,73.28148009752091,7.28350163103404,42.99627439023219
2004,Visual Novel,12,68.75250000000001,71.85354606228033,7.038865846431201,31.476526391579473
2005,Action,169,615.4978698224852,72.81308857986885,7.300009682677233,41.16531431024342
2005,Action-Adventure,55,528.8138181818182,72.2867373731468,7.20923040569885,41.41256967265153
2005,Adventure,55,576.9025454545455,75.94327205196832,7.8031074953688675,42.24076673380609
2005,Battle Royale,20,700.4595,72.86981641634326,7.259906945511401,38.406608361842416
2005,Fighting,77,542.9128571428572,72.7177606474697,7.450458677831481,46.87681370309586
2005,Idle/Clicker,12,241.71333333333334,70.84971400153421,7.221581755411659,47.318464807213815
2005,MMORPG,31,356.9696774193548,72.34376712998107,7.167660185685889,48.55062622129754
2005,Misc,38,219.91684210526316,69.66896029645507,7.111415029760497,45.060438208126776
2005,Platform,65,637.9975384615384,74.651090483432,7.4004989799384076,45.85709277532484
2005,Puzzle,55,276.56218181818184,73.51650349986217,7.498481728262342,43.82150951185762
2005,Racing,75,457.60493333333335,71.90839292168388,7.090753773921598,40.386010811453424
2005,Rhythm,13,568.1023076923077,71.97507248350603,7.01397845171719,51.235953057435985
2005,Role-Playing,86,688.6573255813953,76.20077076386751,7.828774738959137,43.54447329501254
2005,Sandbox,10,873.634,77.14582296877015,7.672493241828628,38.76737820326016
2005,Shooter,104,652.1303846153846,73.14200306267075,7.1458878955396825,41.51705928435195
2005,Simulation,71,367.95211267605634,72.30761032535221,7.2966557387776385,44.33739878460392
2005,Sports,127,1127.5920472440946,70.68202777035505,7.0927654644812685,43.91374614656376
2005,Strategy,50,371.1994,76.54822865550277,7.560703335874481,46.798639026987914
2005,Survival Horror,21,239.4247619047619,72.96486573153234,7.145802976086908,37.35240366242997
2005,Visual Novel,13,62.24615384615385,71.71266814829272,6.817053069575787,44.896064222879424
2006,Action,183,746.0638797814207,73.7524261492651,7.370720326322753,44.627399680469814
2006,Action-Adventure,36,366.6202777777778,73.89603621352191,7.298731657946001,41.1550702120381
2006,Adventure,70,425.441,73.92716510345818,7.410064069480519,47.992147708156466
2006,Battle Royale,19,702.6884210526316,75.06347227481604,7.4307706735608186,37.40372178526495
2006,Fighting,54,445.08870370370374,75.16618686277032,7.481090497149856,46.33318470059996
2006,Idle/Clicker,14,291.68,71.1058785688307,6.574247281245024,48.883259964510685
2006,MMORPG,25,846.1356,76.95976697774854,7.918499463273308,55.5065748690691
2006,Misc,40,361.265,67.65484517269459,6.601570627140811,48.6960778851906
2006,Platform,83,535.2726506024096,72.58959382645824,7.379330364734359,46.65096319371812
2006,Puzzle,63,360.5261904761905,74.13628681017151,7.501816556890772,52.00499739634996
2006,Racing,74,816.6187837837838,73.14742515857277,7.246205729107398,46.514029273025834
2006,Rhythm,10,432.892,72.82095735105673,7.362115584899366,49.65121219104744
2006,Role-Playing,102,575.0232352941176,75.52866616732152,7.5494647189695065,46.23832513821481
2006,Sandbox,9,1931.9111111111108,76.18563780551149,7.592596205249878,58.15241598558592
2006,Shooter,117,785.5520512820513,72.0965813032927,7.21240256918768,45.91179835668382
2006,Simulation,73,444.3023287671233,74.1816523575047,7.600817263027181,46.31691915132348
2006,Sports,133,1256.9214285714286,70.02845694422473,7.002661770467595,47.92485460874692
2006,Strategy,28,252.1467857142857,77.60093659419627,7.765203331445422,47.46543506153112
2006,Survival Horror,29,454.3906896551724,71.99721299196699,7.252102497268038,47.67567393499886
2006,Visual Novel,11,132.90818181818182,78.42618705987854,7.758447793675989,41.91608981052601
2007,Action,168,636.5458333333333,71.75831212039485,7.223783659244508,42.090026813895875
2007,Action-Adventure,45,358.1057777777778,72.76259789749643,7.377592111793072,42.015455758897566
2007,Adventure,49,367.76469387755105,74.8978839903398,7.223964675510057,47.44610243977271
2007,Battle Royale,29,633.0227586206896,74.33220998774637,7.332063173569998,39.4638591036162
2007,Fighting,79,605.1191139240507,75.06436401352836,7.383924696154604,43.24449036727698
2007,Idle/Clicker,7,435.18857142857144,73.43775390728491,7.030012133411761,42.339272689993884
2007,MMORPG,22,732.6586363636363,72.76638334886394,7.017929968242549,51.57199788573589
2007,Misc,50,287.9018,68.39416746361344,7.080617738962554,43.91426272646442
2007,Platform,91,459.0608791208791,71.4350840724162,7.248442814917992,45.23278659666465
2007,Puzzle,68,224.53529411764706,72.72768836142,7.280004087456233,46.99849064316354
2007,Racing,94,598.9117021276595,74.02301250244852,7.42709861109166,46.47851440874942
2007,Rhythm,5,293.306,77.61356964205946,8.775775909266352,36.25232278489091
2007,Role-Playing,128,808.06140625,76.62830919738586,7.732961555500083,41.60665677754295
2007,Sandbox,9,1237.0466666666664,74.1210215273321,7.021954012662549,44.81386146084523
2007,Shooter,121,1043.64826446281,74.64366162269114,7.505741433132369,49.18867261406447
2007,Simulation,78,377.6334615384615,73.56785332073714,7.413826176734208,39.56725052594095
2007,Sports,139,1248.8671223021584,70.29500012179913,6.988396341834023,47.86077883679913
2007,Strategy,36,280.93361111111113,75.7759874455007,7.5838164869187885,40.28216315438863
2007,Survival Horror,28,543.4378571428572,77.46309155098578,7.480619261154159,51.00869559616607
2007,Visual Novel,3,64.17666666666666,74.8696784366263,6.947284344214819,43.918023734657886
2008,Action,172,615.756511627907,72.76426068754701,7.280669022058743,39.416252917091626
2008,Action-Adventure,50,355.68160000000006,71.89870665092381,7.223249636347105,37.09134939033387
2008,Adventure,50,419.4236,73.75268939452062,7.498048093106288,35.04921441212723
2008,Battle Royale,30,771.533,73.14162265832714,7.407881668263381,38.87700935291193
2008,Fighting,65,528.0155384615385,69.97451635088643,7.124265435291712,46.1909871232499
2008,Idle/Clicker,7,269.37142857142857,78.40764131239168,7.764025844084218,40.740560205169935
2008,MMORPG,15,228.61866666666666,74.49111561107554,7.161550769675375,29.610817067897592
2008,Misc,53,342.12056603773584,67.58369442210245,6.786984461208209,42.72508746370147
2008,Platform,90,499.707,72.3798598786988,7.257377911556735,37.94410111246602
2008,Puzzle,60,244.63516666666666,72.299633290198,7.263401654542516,40.830885615484064
2008,Racing,80,527.8655,73.90018661213828,7.338693937417494,41.481578209810955
2008,Rhythm,8,251.74374999999998,72.35430296530652,8.074142424180295,37.11998523275715
2008,Role-Playing,119,517.1004201680672,76.70239699224608,7.544168408671521,37.61946785824708
2008,Sandbox,16,1988.665,75.25396147019926,7.503571124509689,40.12897314243029
2008,Shooter,95,1252.710210526316,71.33983730497579,7.202356711391262,46.876181616870156
2008,Simulation,85,516.4491764705882,76.25693675010169,7.500643882822784,39.19849172071031
2008,Sports,141,1225.0224822695036,71.72477057006023,7.166889383558918,38.03388529059954
2008,Strategy,46,290.61021739130433,76.82216575458106,7.5941046420909055,39.27927612826866
2008,Survival Horror,23,264.45521739130436,72.82032574300818,7.1119566624439186,35.94110038720787
2008,Visual Novel,9,38.32111111111111,73.11185021137408,7.256283116021584,23.537875042011887
2009,Action,160,629.7354375,72.17340552795758,7.2607854404225565,37.66430397714999
2009,Action-Adventure,39,292.3848717948718,70.5855853227765,7.259427557178083,35.35586089676442
2009,Adventure,56,469.28999999999996,76.51922555284183,7.583006385642332,39.48597980249184
2009,Battle Royale,23,750.8165217391304,76.44010600749894,7.83818352704821,39.56928674158641
2009,Fighting,65,549.6435384615385,74.36793527754817,7.462356922405209,42.29760584706841
2009,Idle/Clicker,11,441.41909090909087,70.68292274096612,7.275570179244335,45.53273843084324
2009,MMORPG,25,247.3868,72.18492143407154,7.171422827236329,28.587707748306364
2009,Misc,53,271.47566037735845,68.89944428478496,7.016335903999332,38.51465960188065
2009,Platform,84,708.5697619047619,73.6290233248828,7.555524577316799,39.249130685712316
2009,Puzzle,48,210.91729166666667,72.91113477722075,7.445235644868153,41.896000400493335
2009,Racing,85,696.9896470588236,73.64580958422329,7.206002518814026,45.15524252314533
2009,Rhythm,13,576.2507692307693,76.19949833482649,7.8888158593125235,53.504442805272305
2009,Role-Playing,100,634.1104,77.05222307362897,7.6928415225692826,40.76390082087561
2009,Sandbox,12,1409.243333333333,75.94990454926278,7.875456622554737,46.96785866301459
2009,Shooter,122,766.5151639344263,71.97040318430058,7.30495528894267,40.15445029035854
2009,Simulation,76,385.84526315789475,74.10712667283612,7.4212750233203995,41.31421448697074
2009,Sports,149,956.4921476510066,70.37196611528141,7.032664470907847,37.18621706516691
2009,Strategy,45,217.26844444444444,73.88588344318151,7.489482301423839,34.89680438929365
2009,Survival Horror,11,434.60727272727274,70.787632618886,7.116743932719583,44.16211740522646
2009,Visual Novel,13,79.58076923076922,74.5523350322383,7.236952968803381,38.22978004155316
2010,Action,227,627.6195594713657,74.93912745949254,7.444138201433431,31.72026621796911
2010,Action-Adventure,48,297.93083333333334,75.33339930291501,7.324422880843884,33.35784563018937
2010,Adventure,69,455.31681159420293,76.27985072030066,7.669590910218291,33.51581806844575
2010,Battle Royale,29,888.864827586207,73.138854134922,7.557608366068784,39.9398520188467
2010,Fighting,80,528.070125,74.3615129551283,7.381288861111953,36.84981856584612
2010,Idle/Clicker,13,411.2376923076923,75.19948724085697,7.737138005864676,49.25553285796509
2010,MMORPG,23,346.5613043478261,74.79558282674299,7.433766898911619,43.427247598229584
2010,Misc,51,313.20980392156866,69.30255359923774,6.725222697306085,38.92703442120766
2010,Platform,96,550.9935416666666,73.9659091020873,7.325658841433833,33.91085338744643
2010,Puzzle,54,221.1190740740741,75.7050277826184,7.626561768596071,32.82275179926609
2010,Racing,95,525.5914736842105,73.60090336933239,7.2858697567205475,34.85509074556323
2010,Rhythm,16,226.19,74.12925307712625,7.446864146077233,28.568298862939635
2010,Role-Playing,117,451.8753846153846,77.41899417158263,7.804873997522129,30.81207238354231
2010,Sandbox,8,2171.90125,74.88114231984773,7.101822206788763,28.691385985919545
2010,Shooter,157,714.7821656050955,74.55824001497405,7.465307639566002,34.135427731555474
2010,Simulation,104,372.8166346153846,74.82888949781051,7.567075074626988,29.850841783202405
2010,Sports,148,898.2124324324325,70.63919177450653,7.016128920358332,32.60988941325016
2010,Strategy,49,270.4779591836735,74.90584687910253,7.386743772917852,32.84006588449052
2010,Survival Horror,27,184.43814814814814,75.95456814974513,7.63178343290108,27.336905885729195
2010,Visual Novel,11,107.61636363636363,72.88112330675727,7.564975915585685,35.4782730879673
2011,Action,182,572.3502197802198,73.95297342900754,7.401102252526154,35.29737177502189
2011,Action-Adventure,50,355.1434,74.3387230018544,7.367618868584187,38.48433036339993
2011,Adventure,65,270.8363076923077,76.57314375213343,7.636569673037004,34.295404609905255
2011,Battle Royale,28,458.8171428571428,72.42182790487465,7.023920176942854,32.7281026489992
2011,Fighting,73,484.9560273972603,73.40354410378632,7.367084267682871,36.95467252148188
2011,Idle/Clicker,13,649.9207692307692,74.95542382417679,7.482790281659182,33.98067524725665
2011,MMORPG,38,207.38605263157896,73.78192231550202,7.279979401688208,33.1127928856456
2011,Misc,56,208.9975,70.03883613656743,7.035285545229809,30.56680548541427
2011,Platform,90,397.2571111111111,74.99679529976956,7.3995586937494355,27.925983310481403
2011,Puzzle,72,178.9476388888889,72.15378842848664,7.232974036431415,37.917144583900836
2011,Racing,98,508.0298979591837,76.05480914453739,7.609035810274308,36.23185831585932
2011,Rhythm,14,292.7807142857143,78.56350249814201,7.789507571669357,27.593102237799176
2011,Role-Playing,124,470.17806451612904,78.41390053269744,7.862084202169844,35.848971134360994
2011,Sandbox,17,1150.7541176470588,74.96072997356102,7.573285123708579,43.577700227493196
2011,Shooter,157,775.4358598726116,74.84486321842321,7.533095045202017,39.903628874879544
2011,Simulation,107,303.93299065420564,74.34346795532721,7.3462834975083755,35.89012287112953
2011,Sports,154,1067.5316883116884,71.9647560907399,7.151683899255585,36.25543524010102
2011,Strategy,60,198.343,74.10158514103028,7.383609805305436,35.62464140409282
2011,Survival Horror,29,375.24724137931037,76.10876921839078,7.545455894335032,34.36453150769069
2011,Visual Novel,12,84.4975,70.9922796631171,7.5196927993735265,36.61192211865756
2012,Action,207,676.6321256038648,72.6396470216055,7.257266027702392,37.84769290756244
2012,Action-Adventure,62,440.8101612903226,74.24958302753149,7.3237345015414075,32.07250408341588
2012,Adventure,66,332.99015151515147,76.37209058926626,7.7266515065563075,41.32470408937316
2012,Battle Royale,24,628.5429166666667,75.11095032985453,7.4148179336415145,29.722306731816403
2012,Fighting,82,525.135243902439,75.6380450335356,7.530811374341209,35.64676591756233
2012,Idle/Clicker,10,227.408,71.80626983708191,7.26893618835647,55.106911607566744
2012,MMORPG,27,629.6270370370371,77.53653953926506,7.521383902712023,47.04066313787324
2012,Misc,43,280.98186046511626,71.38639596231967,7.0263242382436,37.89891024396534
2012,Platform,89,746.6901123595505,74.1814524205198,7.407217181923283,35.9440707986639
2012,Puzzle,62,339.36370967741937,74.741234492212,7.498489474565363,39.10493254854163
2012,Racing,88,769.1370454545454,75.73494981363073,7.686758256480808,35.921603848384486
2012,Rhythm,15,330.27000000000004,73.73335768339489,7.414452898532926,40.43652204848832
2012,Role-Playing,119,576.6514285714286,77.54060466023124,7.789294261924598,33.00047095143904
2012,Sandbox,14,1129.3085714285714,81.0467334281913,7.851310121237137,27.415945371569823
2012,Shooter,133,780.5221052631579,75.17655705105743,7.545234049480905,36.26344059298767
2012,Simulation,79,337.34822784810126,71.4824412206772,7.265664529565314,41.46033089523756
2012,Sports,149,841.5619463087248,72.00193262633597,7.172906700083261,35.90471260021847
2012,Strategy,51,299.39039215686273,74.77045994313363,7.603345699162194,37.375723728949346
2012,Survival Horror,24,290.29541666666665,75.02918926218219,7.4409848545876685,36.30110992560052
2012,Visual Novel,17,37.38411764705882,73.02766239086796,7.610168454110971,23.969929920810614
2013,Action,202,759.7777227722772,74.00520591427717,7.519790011986929,39.488145541847366
2013,Action-Adventure,49,555.6289795918367,74.81216917563488,7.305661855953175,41.57166832685234
2013,Adventure,66,437.6180303030303,76.6013586264992,7.717379625973358,40.29915862668565
2013,Battle Royale,24,1201.1608333333334,75.98219088873657,7.538794523495706,47.69506364230145
2013,Fighting,88,627.3386363636364,77.16305763995094,7.62780615059635,35.706725651235566
2013,Idle/Clicker,23,382.8917391304348,73.78156935270896,7.329198344941138,43.99489337655331
2013,MMORPG,25,328.3136,74.7720373267401,7.306548482209179,35.57424773285898
2013,Misc,60,283.3126666666667,69.4008387844458,6.884886151163628,44.10500055119987
2013,Platform,93,798.6079569892474,76.24582114015996,7.662937426391344,42.188267857471075
2013,Puzzle,54,346.00888888888886,74.86968372624561,7.668052315256836,41.61011654867089
2013,Racing,84,578.9591666666666,71.76367310247095,7.166963853298635,36.3817787489808
2013,Rhythm,12,625.4066666666666,70.2987215475445,6.972362147036287,58.33943896545341
2013,Role-Playing,119,560.8589915966387,78.58867063162863,7.779986148709417,41.31361072337703
2013,Sandbox,13,3293.687692307692,79.79611941598661,7.722506149923363,41.78965955665313
2013,Shooter,124,841.9427419354838,74.53841932395437,7.5193216136922825,41.24848756481089
2013,Simulation,97,412.0650515463917,73.35232082577268,7.387693507918583,39.32358874364028
2013,Sports,164,1068.5542073170732,70.78238290546405,7.131946357962684,37.32206902084455
2013,Strategy,63,262.03539682539684,74.69761013586961,7.580448641700978,40.61033402907165
2013,Survival Horror,30,196.21099999999998,75.62117697636123,7.4607252903694725,42.66997445652474
2013,Visual Novel,13,64.42307692307692,73.4256114363945,7.269317469413978,40.994019878911935
2014,Action,206,642.0583009708738,73.6851238972313,7.297740316561262,39.04909502482851
2014,Action-Adventure,57,356.79210526315785,74.48487988978466,7.6145081978437394,43.511875999283866
2014,Adventure,50,245.4122,76.96367607951242,7.665337193127922,38.61231357490956
2014,Battle Royale,26,617.1353846153846,72.85711479982861,7.486283248735739,32.60476862209236
2014,Fighting,75,594.1692,75.49707124337051,7.198805190452225,34.93025648553387
2014,Idle/Clicker,8,309.0025,75.10700355521305,7.692871935112286,43.025041410707914
2014,MMORPG,24,322.7945833333333,76.9304690915649,7.5094871769789355,32.89909886186562
2014,Misc,51,269.1858823529412,68.14762039850669,6.786428224889537,37.56960803032303
2014,Platform,92,613.3560869565217,75.81231178461596,7.463264600527279,39.87398816968063
2014,Puzzle,56,217.91446428571427,74.55186904420653,7.672326399441,37.638627021333726
2014,Racing,101,520.9772277227722,74.86502274010182,7.499539215864623,41.05699146008407
2014,Rhythm,11,60.93090909090909,71.53963305480137,7.7833774534305356,19.01620356256424
2014,Role-Playing,119,394.4049579831933,78.13926263052264,7.792709159073655,33.44849172332759
2014,Sandbox,12,1091.9683333333332,77.67054897568467,7.719865380642374,31.390621822691973
2014,Shooter,139,754.3142446043166,74.94448536129107,7.443144286926557,36.37160131535957
2014,Simulation,90,277.11633333333333,72.85604345792447,7.05168426342,35.23898716262183
2014,Sports,167,1112.5469461077844,72.32275306847059,7.167359110416356,36.20971843308498
2014,Strategy,56,344.0732142857143,76.77159245515739,7.625168527879531,39.49445953501589
2014,Survival Horror,23,277.11,75.1110096752516,7.295668105526241,34.22104271721337
2014,Visual Novel,5,252.746,74.2895273301272,7.31967070314373,48.25787758338918
2015,Action,216,587.4297222222223,74.81238575116825,7.530308084125893,33.751127023220775
2015,Action-Adventure,50,371.4882,76.11796335657603,7.557642835677207,34.96760870602709
2015,Adventure,74,418.64567567567565,76.46024032135873,7.7381411299100415,40.20442938058453
2015,Battle Royale,23,770.0639130434784,74.86198435346928,7.373626266414659,42.1287979999106
2015,Fighting,74,438.15621621621625,74.22557149972688,7.542078310655424,38.03253455116331
2015,Idle/Clicker,10,597.442,75.88506730469176,8.067085878694787,42.28761850184837
2015,MMORPG,25,446.5256,72.42830030145392,7.29238553806131,38.202085379211766
2015,Misc,54,407.47333333333336,70.17135544362507,7.05967118820805,42.074417567218426
2015,Platform,106,735.7268867924529,72.50239410988772,7.32225832911868,40.240939148737745
2015,Puzzle,73,286.57315068493153,74.59715630232859,7.398975055403396,37.825447267232086
2015,Racing,81,673.2804938271605,75.76722993629724,7.578968865014139,41.25637300402765
2015,Rhythm,12,628.7991666666667,72.93429348322717,7.114750864149859,44.31685569718104
2015,Role-Playing,106,417.38509433962264,78.64644139478867,7.973426879541762,32.70802408752995
2015,Sandbox,11,5783.166363636364,80.51463981133989,7.976011850284859,35.10217981058472
2015,Shooter,136,822.6741176470588,73.80396002179039,7.397415434828651,37.190510559110365
2015,Simulation,91,275.3965934065934,74.62937336297004,7.5588696715942945,36.299440374495575
2015,Sports,149,1186.313355704698,70.14339981985552,7.102980383979846,38.506972909464935
2015,Strategy,46,342.53021739130435,74.2246184188024,7.514763514762938,38.24810940779667
2015,Survival Horror,24,354.02875,76.57539834528421,7.257261827208354,35.11280350046532
2015,Visual Novel,19,104.1478947368421,72.91109396069828,7.541473695112309,39.877827004634426
2016,Action,228,612.4355263157894,74.10406670807212,7.423131038984309,37.2055440004654
2016,Action-Adventure,61,280.95409836065573,75.15686505486788,7.615123648777742,30.870344617927177
2016,Adventure,74,370.55243243243245,75.97862502841207,7.587481934339579,34.18651571673123
2016,Battle Royale,24,1116.8754166666668,73.71657646440144,7.445094276792553,36.975246518354886
2016,Fighting,93,442.47881720430104,76.02108510400339,7.682138063073772,39.26595264833896
2016,Idle/Clicker,15,666.2593333333333,75.56698136499047,7.372588518738661,44.26463279274815
2016,MMORPG,28,372.57464285714286,76.28574572632708,7.577873413913274,34.46285115514463
2016,Misc,51,251.98313725490195,72.01749561425852,7.26531470735861,32.85289095507363
2016,Platform,84,847.0002380952382,75.3479212974709,7.587089764181654,34.15677280751091
2016,Puzzle,60,313.968,71.98278254578355,7.1857776913603155,36.51597306726505
2016,Racing,101,679.8560396039603,74.67204823688913,7.520260581062214,36.183776413200626
2016,Rhythm,18,452.35055555555556,71.59761171567273,6.876527266622951,34.99821547646846
2016,Role-Playing,121,725.8009090909092,77.37475860410684,7.715359245082901,36.72143842393375
2016,Sandbox,11,1285.3,71.94547702576182,7.364223999204833,34.51642955228818
2016,Shooter,129,721.6280620155039,74.88530168902268,7.566335627218665,32.95111085728837
2016,Simulation,79,408.4011392405063,74.83261828323667,7.528055516705677,39.985634463348426
2016,Sports,121,1305.9414876033059,71.56225634276284,7.131347569890689,32.6632417003018
2016,Strategy,46,189.08804347826086,73.32113766504784,7.430442210352129,32.02592254095592
2016,Survival Horror,25,343.36519999999996,72.79717788261654,7.208974174105794,32.00424822296895
2016,Visual Novel,13,131.22846153846154,77.8880518247549,7.668172167244664,35.35300860968244
2017,Action,228,671.2138596491228,74.81656247617923,7.472686066856411,32.36920410170619
2017,Action-Adventure,65,341.8538461538462,72.98554452058772,7.4319224085149305,35.72524987166568
2017,Adventure,60,497.8785,76.12838646066523,7.706204679389378,41.254240012412986
2017,Battle Royale,20,479.83549999999997,74.97962067257787,7.632431131939386,30.390583661977168
2017,Fighting,70,663.459,78.06587345030809,7.843123985614298,36.45949193651625
2017,Idle/Clicker,11,236.69000000000003,73.06350768471364,6.9166274478047605,28.784943746191335
2017,MMORPG,29,338.4979310344827,72.9146881443198,7.334873836797263,38.72195365677477
2017,Misc,51,427.59117647058827,68.15494739356748,6.7461980588144925,41.4422785384126
2017,Platform,104,502.40903846153844,74.15929606105433,7.328675777329319,33.66694151700364
2017,Puzzle,69,262.6901449275362,74.05179968333533,7.242150460331738,34.94582198972549
2017,Racing,101,625.9847524752475,74.11122128823557,7.368521779676042,38.39320394810862
2017,Rhythm,11,134.06727272727272,72.97545853878941,7.20047089665348,27.84883887455735
2017,Role-Playing,92,547.8385869565218,75.16108632647722,7.597947191223272,30.985492610642922
2017,Sandbox,19,1239.3584210526317,77.20483377476023,7.39152845198024,30.29742754408014
2017,Shooter,133,974.8305263157895,73.30994084071901,7.2689046231365495,39.22460658959196
2017,Simulation,88,388.78329545454545,74.57575245732764,7.499707807879229,39.89008886858068
2017,Sports,165,1138.5954545454545,70.24654206128615,6.981048607661885,34.78368578819851
2017,Strategy,47,486.33553191489364,74.9558843691504,7.453539886964747,41.86337678603103
2017,Survival Horror,34,263.13735294117646,74.7030207114388,7.630224068363741,40.09083087465177
2017,Visual Novel,15,78.134,74.99612585532044,7.491399363036047,39.34782311390238
2018,Action,181,577.8988397790056,73.13017272354286,7.244897453954542,33.44616887640585
2018,Action-Adventure,57,383.3759649122807,73.77632616565133,7.50781223913066,32.16513663240209
2018,Adventure,68,524.7433823529412,77.87409077433848,7.787693460393293,33.312371835854094
2018,Battle Royale,31,571.0187096774193,75.85072163507968,7.667519659469703,32.76750595334703
2018,Fighting,68,572.1457352941177,75.51167976965847,7.439181897566312,29.756673304274862
2018,Idle/Clicker,16,226.118125,70.20868421816867,7.3318653606702195,30.96432453185578
2018,MMORPG,23,491.83217391304345,73.26356979609642,7.481510020122194,36.189834852689465
2018,Misc,47,189.90063829787235,68.01325213877271,6.941100651903222,26.758410274498218
2018,Platform,87,420.48597701149424,73.10504146208658,7.14865358598789,33.878876777406084
2018,Puzzle,55,365.28618181818183,76.27713771496411,7.555468140407313,35.28008182898129
2018,Racing,87,413.011724137931,73.96451589639837,7.246452037271366,31.03985808347299
2018,Rhythm,12,538.8275,75.82202579195227,7.590916298288953,47.13600825037387
2018,Role-Playing,131,531.4354198473281,76.70213686331252,7.60660618613869,31.122378757965308
2018,Sandbox,7,2313.577142857143,76.55033946350682,7.998855634338021,32.887048958681405
2018,Shooter,111,840.8513513513514,74.41990469052682,7.439411529171585,29.101727579354804
2018,Simulation,84,307.1588095238095,74.33738039879633,7.578101147158143,30.514694963055604
2018,Sports,180,796.916388888889,71.13080300637718,7.042160446894519,29.144105331883388
2018,Strategy,52,302.73346153846154,75.85477511571624,7.545036948714658,37.132718047182536
2018,Survival Horror,19,525.7126315789474,76.6196328712613,7.484765941564336,26.733537345186914
2018,Visual Novel,11,126.41454545454545,74.55529287349279,7.570367812700353,37.813968617070664
2019,Action,188,563.1154787234043,73.24456620965394,7.359234417636054,28.833443708348245
2019,Action-Adventure,44,226.89,75.08601858992094,7.624057069185901,21.94261399744139
2019,Adventure,40,200.1275,76.31029453061953,7.532500644033175,23.322368514017022
2019,Battle Royale,23,528.6673913043478,74.41411712618316,7.248502294240052,30.04413993463508
2019,Fighting,59,338.88745762711864,74.82588241206986,7.265450584731249,30.548609320735604
2019,Idle/Clicker,8,175.64625,70.23183573931122,7.031715910070345,27.470769790443434
2019,MMORPG,23,202.88782608695652,72.21056638870802,7.1124451848008805,35.34665287523482
2019,Misc,58,287.3094827586207,68.94701743161043,6.837732853513906,28.94415186659817
2019,Platform,90,532.7664444444445,74.57009705023148,7.450842753240678,27.204596119049924
2019,Puzzle,52,223.62384615384616,76.53670603147084,7.3581214654617035,21.711636838481958
2019,Racing,73,421.8791780821918,76.05012485393632,7.539471500012438,29.93094079683386
2019,Rhythm,8,183.64499999999998,73.46404452154043,7.540439765361432,31.679927437024144
2019,Role-Playing,87,523.6355172413794,77.4499413993898,7.818434543814846,28.66697553922209
2019,Sandbox,6,749.9416666666667,78.15073566210117,7.611491222823169,23.382095477082103
2019,Shooter,105,675.710761904762,73.97253099017114,7.51394787136335,27.949612215540082
2019,Simulation,75,340.3264,72.49575979853464,7.332034361288206,31.426810059210286
2019,Sports,128,742.61796875,72.35646447318672,7.292134574451884,28.156388200076076
2019,Strategy,43,213.4260465116279,75.05973264397902,7.471771494763266,39.048095404078595
2019,Survival Horror,20,461.64000000000004,76.09122748202326,7.668998300759261,30.254047100976756
2019,Visual Novel,10,38.653,74.52666051908493,7.903364933016704,24.707286517051305
